dullsilver,stripedmagenta,darkcoral,brightorange,plaidblue
darkplum,wavyteal
wavyturquoise,brightsalmon
mirroredgold,wavybrown,poshbeige,lightcrimson,vibrantsalmon
drabgreen,dullwhite,poshindigo
fadedlime,dimmagenta,wavysalmon,dullpurple
mirroredblue,brightorange,mutedblack,mutedbrown,vibrantgold
fadedcrimson,wavyteal,mirroredfuchsia,plaidwhite
fadedmagenta,clearorange,dullgreen,palewhite
palered,shinygold,dullgold,drabblack
darkcoral,lightturquoise
fadedchartreuse,shinybrown,mirroredbeige,clearpurple
mutedcoral,palecoral,plaidbrown
brightteal,stripedblue,fadedorange,fadedcrimson
wavygreen,dimchartreuse
clearwhite,mirroredfuchsia
clearaqua,fadedbeige
vibrantyellow,poshbrown
palelavender,stripedbeige,stripedcyan
mirroredlime,brightorange
fadedtan,drabbeige
darkindigo,darkbrown,shinybeige,vibrantindigo
drabteal,vibrantfuchsia,mutedgreen,dottedmagenta,shinylavender
shinyaqua,shinygold,clearwhite,fadedgold
dullbronze,vibrantteal,vibrantviolet
darkaqua,poshwhite
dimcoral,lightyellow
fadedsalmon,mutedbrown,dottedred,drabyellow,darkred
brightlavender,wavymaroon,lightbrown,brightsilver,darkgray
mirroredcyan,dottedcyan,stripedorange,vibrantgold
drabaqua,stripedblack,darksalmon,drabwhite,fadedcrimson
stripedpurple,fadedyellow,fadedbrown
drabfuchsia,vibrantviolet,mirroredyellow
shinyred,fadedcyan,dullbeige,shinyblue,dullcyan
mirroredteal,clearbrown,lightbronze,lightteal,paletomato
dottedorange,dullwhite,wavyblue
dottedlavender,vibrantaqua,shinymagenta,dullplum
palecrimson,mutedcyan,poshbrown,lightmagenta
shinyblack,vibrantchartreuse,mirroredyellow,poshbrown,vibrantviolet
clearbronze,dullviolet,paleplum
stripedlavender,darkplum,stripedyellow
plaidindigo,plaidchartreuse
shinyteal,wavygray,drabteal,darksilver
dullturquoise,wavygray
stripedbrown,stripedolive,wavyolive,poshbrown
dottedmagenta,drabsilver,lightolive,brighttan,dullgold
plaidyellow,drabblack,wavylavender,drabsilver
mutedblue,poshaqua
shinyolive,darksalmon,fadedgold,drabchartreuse,dottedyellow
vibrantlime,shinyaqua,brightmaroon,stripedorange
dimcrimson,fadedcrimson
vibrantgray,mirroredcoral,wavybeige,drabturquoise
poshchartreuse,lightplum,palegreen,drabwhite
stripedbeige,dullred,drabsalmon,vibrantsalmon
dottedtan,wavycrimson,shinyorange,drabturquoise
vibrantaqua,vibrantgray,lightviolet,dimyellow
fadedturquoise,fadedyellow,mirroredcoral
mirroredpurple,paleorange
dimwhite,drabturquoise
brightpurple,mutedchartreuse,dottedyellow,brightsalmon
drabred,mirroredmagenta
clearcoral,drabblack,darkblack
mirroredorange,mutedchartreuse
wavycyan,poshlime,darkmagenta,vibrantturquoise
palemagenta,vibrantturquoise,cleargold
poshgold,dottedlime,wavysilver,mutedcrimson,dullyellow
clearsilver,drabindigo
fadedviolet,mirroredbronze
mutedturquoise,plaidgreen,lightyellow,darkviolet
stripedbronze,stripedwhite,dimyellow,clearaqua
mutedaqua,plaidgreen
wavyteal,noother
paleblack,darksalmon
cleargold,plaidwhite,drabcoral,palecoral
mutedchartreuse,fadedcrimson
dottedfuchsia,plaidbrown,darkviolet
brighttomato,brightblue
dimbronze,dottedgreen,paleviolet,vibrantchartreuse,stripedyellow
brightbeige,drabblue
vibrantolive,dottedolive
cleartomato,lightgray,lightturquoise,stripedyellow
mirroredbeige,lightcoral,brightteal,wavymagenta
shinygold,palesilver,mirroredyellow,shinyblack,lightmagenta
plaidaqua,plaidcrimson,dimgray,plaidorange,dottedblue
lightgreen,lightviolet,stripedviolet,drabbrown,dullwhite
vibrantbeige,poshviolet,plaidblue,shinylavender,wavyorange
draborange,stripedbeige,poshteal,drabsilver,darkindigo
shinyorange,darkaqua,clearbeige,mirroredlime,darkviolet
wavymaroon,vibrantchartreuse
wavyolive,darkaqua,lightyellow,shinycrimson
dottedcyan,drabgold
mutedcyan,cleargold,darkplum,wavylavender,vibrantindigo
poshcyan,lightfuchsia,darkmaroon
fadedbronze,mutedsalmon,dimviolet,darktan,vibrantwhite
palegreen,mutedturquoise,vibrantgreen,drabwhite
clearbrown,wavyteal,drabviolet
stripedsalmon,mirroredorange,shinyyellow,mutedbeige,clearpurple
poshbrown,poshwhite,drabchartreuse,darkviolet,wavyteal
mirroredgreen,dimtan
brightyellow,stripedindigo,darksilver
wavyyellow,dottedgold,poshgreen
lightchartreuse,fadedblue,mirroredyellow,shinyplum,lightred
darklime,vibrantchartreuse,clearbrown,poshbrown
mutedmagenta,shinysilver,dottedyellow,palefuchsia,mutedtan
lightplum,drabgold
dimtomato,lightsilver
palelime,dullblue
dimblack,darkplum,dullcrimson,wavywhite,plaidchartreuse
mutedteal,dimblack,mirroredlavender,dullindigo,clearred
mutedpurple,mirroredred
dullcoral,paleteal,fadedcyan,paleblack,mutedolive
vibrantred,lightteal,shinyfuchsia,drabpurple,mutedolive
mirroredtomato,poshbrown
shinycoral,clearturquoise,wavysalmon,drabbrown
wavyindigo,vibrantbrown,dimturquoise,poshviolet,plaidgreen
dottedgold,paleaqua,brightolive
dottedviolet,drabolive,plaidcyan,poshbeige
palefuchsia,fadedbeige,darkpurple
shinychartreuse,stripedtan,paletomato
cleargray,brightfuchsia,dottedolive,lightteal,shinymagenta
vibranttomato,clearcrimson,palepurple,fadedgray
lightorange,plaidbrown
shinytomato,lightolive,dimsilver,poshviolet,stripedlavender
fadedgreen,dottedgold,darkplum,dullgray,darkbrown
dimgray,mutedwhite,mirroredyellow,mutedtomato
fadedblack,fadedteal,stripedlavender,stripedblue,mutedlavender
clearlime,mirroredyellow,lightyellow
darksilver,wavyorange,mutedgreen
plaidblack,wavyindigo,palered
mirroredblack,dullblack,clearcoral,wavyolive,dullsilver
lightcoral,drabblack,darkmagenta,drabteal,mirroredcrimson
shinyyellow,fadedindigo
poshplum,fadedmaroon,vibrantindigo,brightturquoise
fadedolive,vibrantgray,drabteal,wavyteal
dimplum,plaidwhite,wavybeige,wavygreen
mutedtomato,dottedred,drabpurple,lightorange
clearfuchsia,mirroredolive,fadedsalmon
stripedviolet,lightolive,plaidolive,lightwhite
dimaqua,vibrantpurple,drabsilver
stripedcrimson,mutedcoral
brightindigo,mutedgold
dottedblack,shinycrimson,darksalmon,fadedcrimson,vibrantmagenta
fadedindigo,drabtomato
brightbronze,wavylime,paleviolet
drabturquoise,drabgold,vibrantgold,paletomato
wavyblack,dottedbrown,lightsalmon
poshgreen,stripedolive,vibrantturquoise,palecoral
cleargreen,dullbronze,shinycrimson,lightwhite
dullchartreuse,dimaqua,shinyblack
drablime,wavychartreuse,mirroredchartreuse,posholive,mirroredlavender
brighttan,mutedtan,shinygold,mirroredred,dullcrimson
dimmaroon,clearred,darkbrown,brightmaroon,mutedteal
drabtomato,dimorange,mirroredviolet,fadedpurple
mutedgold,dimcyan
stripedwhite,plaidwhite,poshpurple,mutedcyan,palecrimson
wavybeige,plaidwhite,darkbrown
vibrantturquoise,mutedturquoise,plaidgreen,shinycrimson
darkfuchsia,palepurple,dimfuchsia,lightteal,vibrantmagenta
dottedaqua,brightwhite,cleargold,cleartomato
fadedsilver,lightlime,wavygold
fadedbrown,lightaqua
brightgray,fadedred,mutedplum,wavybrown
wavytan,palemaroon,poshblack
brightblue,poshpurple
stripedgold,dulltan,shinycrimson,clearblue
brightmagenta,shinyorange
dottedbrown,fadedteal,mirroredcoral
mutedsilver,stripedblack,fadedbeige,plaidcrimson,wavybrown
wavypurple,dimbrown,brightyellow,shinylime
dullplum,poshblack,vibrantfuchsia,dullbronze
dottedred,stripedtomato,shinyorange,clearmagenta,palecoral
lightviolet,brightbeige,mirroredplum,wavyfuchsia,cleartan
darkteal,dullgray,darkaqua,clearbeige
lightfuchsia,mutedsilver,stripedbeige
poshblue,stripedolive,dimcoral
lightblack,drabcoral,shinyindigo
palechartreuse,paletomato
drabgold,fadedgold,shinygold
poshbronze,drabaqua,palegray
lighttomato,wavylime
dulltan,drabblue,dullgreen,clearviolet
mutedbeige,clearwhite,fadedcrimson
fadedfuchsia,plaidpurple,shinysilver,mutedviolet
brightgreen,dimteal,shinycrimson,clearcrimson
mirroredfuchsia,poshwhite,wavyteal,darkviolet
vibrantplum,poshyellow
plaidbronze,dottedcoral,dullgreen,plaidchartreuse
plaidfuchsia,brightwhite
dullred,mirroredfuchsia,vibrantviolet,brightolive,dimorange
fadedgray,dullpurple,poshsalmon
wavyplum,paleviolet,stripedmagenta,palered
darkcrimson,dimyellow,dottedpurple,wavyindigo,clearblack
palecyan,shinycoral,shinybeige,plaidolive
dullviolet,wavyolive,dullgray,vibrantturquoise,plaidpurple
wavychartreuse,dottedmagenta,brightorange,mirroredred
darkcyan,dottedturquoise,clearpurple,dimteal
poshcoral,mutedbronze
paleyellow,drabtomato
plaidturquoise,mutedgray
dottedpurple,poshsilver,darksalmon
lightindigo,mirroredred,lightolive
fadedplum,mirroredgold
fadedcoral,dulltan
clearindigo,mirroredmagenta,clearmaroon,brightblue,lightaqua
dimcyan,plaidgreen
dottedmaroon,palemaroon,darkindigo
fadedbeige,plaidchartreuse
stripedindigo,darkgray,drabolive
clearyellow,dullgray,mutedgreen
lightlavender,palecoral,lightyellow,lightindigo
lightturquoise,palefuchsia,vibrantfuchsia,vibrantmagenta,paleindigo
lightpurple,lightcyan
brightgold,darkaqua
mutedbronze,lightteal
stripedgray,lightcyan,paleblack,plaidplum
wavyorange,palecoral,dimcoral
wavysilver,poshwhite,fadedbeige
clearchartreuse,vibrantlime,fadedplum,stripedchartreuse,clearmaroon
vibranttan,stripedlime,palemaroon,mutedturquoise,darklime
poshaqua,mutedtan,shinyblue,poshpurple
brightorange,noother
drabcoral,noother
lightwhite,stripedyellow
wavyviolet,palesilver,shinyfuchsia,vibrantviolet,shinyplum
darkwhite,shinymaroon,dimbrown,darkbeige,paleblue
vibrantviolet,stripedblue,mirroredlime,poshwhite
vibrantlavender,dottedmagenta,wavyred,palecoral,clearindigo
darkpurple,poshwhite
mirroredlavender,clearbrown,fadedgold
stripedsilver,lightyellow,drabviolet
fadedblue,mutedviolet,wavyplum,paleindigo,wavybronze
drabcyan,dimtomato,plaidlavender,palered,drabolive
clearlavender,wavyolive,brightgray,wavybeige,dimviolet
stripedaqua,mirroredlavender
plaidtomato,poshcyan,palesilver
plaidsalmon,mutedlavender,mutedgreen,brightaqua
lightblue,lightwhite,clearviolet,darkbrown
darkblue,poshaqua
fadedteal,lightbeige
plaidchartreuse,wavyteal
wavygray,drabwhite,mutedlavender
palemaroon,fadedcrimson,vibrantchartreuse,plaidgreen,vibrantturquoise
darkbronze,fadedturquoise,fadedsilver,fadedsalmon
palecoral,mirroredyellow,darkplum,darkaqua,plaidwhite
mirroredmagenta,vibrantlime,vibrantchartreuse,stripedaqua
mirroredsalmon,stripedsalmon,poshtan,fadedbronze
drabtan,vibrantviolet
vibrantindigo,palecoral,lightteal,lightmagenta
plaidlavender,stripedsilver,clearlime
mutedplum,plaidcrimson
poshgray,mirroredlime
clearmaroon,wavybronze,dimgold,mutedbeige,poshcoral
stripedmaroon,dottedviolet,brightfuchsia,stripedaqua
fadedyellow,wavyteal,wavylavender
poshblack,drabsilver,clearwhite,mutedsilver
mutedindigo,darkgreen,plaidchartreuse,brightindigo,wavysilver
wavybrown,fadedred,brightorange,dimblack
vibrantcoral,plaidwhite,vibrantindigo
wavywhite,plaidgreen,drabchartreuse,poshwhite
paleviolet,shinyorange,plaidcrimson
clearblack,wavyblue,plaidtan,clearmagenta
fadedaqua,wavyteal
dottedgreen,shinyorange,lightmagenta
brightcoral,shinyfuchsia,lightlime,shinygold
vibrantfuchsia,vibrantchartreuse,stripedblack
darkturquoise,shinysalmon,lightlavender
shinygreen,palesilver,dimred,darklime,drabcoral
clearred,lightteal,poshbrown
dullgold,drabtan,stripedtomato,palemaroon,dimcrimson
mirroredred,shinycrimson,plaidbrown,shinyblack
paleblue,wavycrimson,fadedbeige,shinychartreuse
clearbeige,plaidcrimson,shinycrimson
drabsalmon,dimcrimson,lightmagenta,clearviolet
vibrantmagenta,dimblack
darksalmon,dullgreen,fadedred
poshwhite,noother
lightlime,darkaqua
vibrantsalmon,stripedtomato,clearaqua
clearteal,stripedgray
plaidsilver,vibrantviolet,mutedmagenta,darkolive,mirroredgold
stripedcyan,lightgold,dottedmagenta
wavybronze,plaidcrimson,dullgray,dulltan,mirroredteal
dimolive,vibrantlime,shinycrimson,mutedturquoise
dottedblue,vibrantgray,shinybeige
plaidblue,drabsilver
darkolive,palecoral,vibrantindigo
palegray,dottedcrimson,stripedmagenta,wavywhite,vibrantblue
mirroredbrown,brightcyan,plaidbrown,fadedturquoise
wavygold,wavycoral
paleteal,vibrantmagenta
mirroredturquoise,mirroredolive,brightyellow
darkchartreuse,dottedcyan,shinyturquoise,vibrantsalmon,wavyyellow
mutedgray,dimorange
poshturquoise,clearlavender,dimcoral,stripedsalmon
shinycyan,stripedgold
drabolive,plaidcyan,mirroredlime
poshtomato,drabtan,shinyorange
mutedfuchsia,palesalmon,wavyviolet,mirroredmaroon
palebronze,drabyellow,mutedchartreuse
stripedgreen,stripedorange,dullgreen,vibranttan
fadedorange,mirroredplum,mirroredlime,fadedred
dullaqua,stripedcoral
dottedolive,fadedsalmon,wavygreen
vibrantsilver,mirroredyellow,dottedsalmon,drabsilver
stripedolive,mirroredfuchsia,fadedgold,mirroredlavender
darkviolet,noother
mirroredolive,dullteal,dimwhite
plaidtan,palegray,dimcrimson,clearviolet,wavylime
paletomato,poshgreen,fadedred
dimturquoise,shinygold,drabblue
mutedlime,vibrantlime,paleplum,darkindigo
drabbeige,vibrantmagenta
poshbeige,darkviolet
mutedolive,palebrown,lightgray,wavygreen,drabtan
dimorange,clearlime,fadedbeige,mirroredfuchsia
dullsalmon,stripedcoral,stripedaqua
dullmaroon,clearbrown,dullmagenta,dimred
mirroredcoral,mutedtan,dottedmagenta,dimolive
posholive,dullmagenta,wavyblue,drabyellow,dottedgold
mirroredviolet,palefuchsia
drabbronze,drabchartreuse
wavyfuchsia,darkgray,mutedsilver
paleplum,vibrantsalmon,drabchartreuse,poshviolet
mirroredaqua,paleaqua
brightsilver,drabblack,darksalmon,shinybeige,poshlavender
plaidlime,fadedteal,palebrown,dimred
dottedturquoise,dimolive,mirroredblue,dulllime,vibrantlavender
drabmaroon,brightred
wavylavender,stripedlime,poshbrown
shinybeige,shinyaqua,mutedteal,cleargold
darkgold,clearmaroon,dottedmaroon,lightred
lightaqua,dimred,palered
poshteal,mutedbrown,shinygold,dottedpurple
dulllavender,shinyblue
darktan,mutedtan,vibrantturquoise,darkviolet,mutedplum
lightbeige,mirroredfuchsia,drabchartreuse,mutedtan
paleolive,clearbrown
darkmaroon,dullplum,mutedgreen
mutedred,paletan,brightwhite
lighttan,lightpurple,paleaqua,wavybronze
clearmagenta,vibrantchartreuse,dimcrimson
darkorange,poshcyan,wavybrown,dullblack
dimlavender,drabfuchsia
dottedbeige,lightblue,plaidtan,wavymaroon,dimcrimson
dimgreen,plaidtan,drabblue,clearaqua
plaidbrown,mutedturquoise,drabchartreuse
brightblack,stripedwhite
plaidgold,shinylime,plaidmaroon,brightblue
palewhite,drabchartreuse,paletan,paleaqua
drabviolet,noother
lightmagenta,fadedcrimson
lightgold,dimlavender,lightmagenta,drabgold
plaidcoral,vibrantsalmon,stripedtomato,poshblue
dottedwhite,wavylavender
stripedyellow,drabblack,fadedred,shinygold,darkaqua
darkyellow,wavybronze,brightpurple
fadedwhite,lighttomato
mutedwhite,fadedgold,plaidmagenta,drabwhite,dimbrown
fadedred,poshbrown,mutedturquoise,plaidcrimson,shinyorange
darkred,shinysalmon
dullgray,poshwhite
brightsalmon,shinyaqua,dottedcrimson,drabviolet,palechartreuse
mirroredchartreuse,vibrantmagenta,plaidsalmon,plaidchartreuse,mutedviolet
vibrantorange,poshyellow
darkgray,plaidchartreuse,drabviolet,brightchartreuse,mutedpurple
mirroredcrimson,drabcoral,dulllime
mutedviolet,dottedcrimson,lightolive
shinybrown,darklavender,vibrantyellow,darkblack,drabolive
mutedgreen,dullcyan,dullred,palechartreuse
drabyellow,paletomato
dottedtomato,shinymagenta,mirroredtomato,plaidchartreuse
plaidred,palecyan
brightred,shinybeige
plaidpurple,dullgold
darkgreen,palesalmon,dimbrown,wavyviolet,palechartreuse
plaidorange,vibrantchartreuse,dottedcoral,poshteal
plaidviolet,shinymaroon
poshtan,shinybeige,dimmagenta,darkviolet
brightaqua,drabbrown,dottedpurple
vibrantwhite,lightgray,darkfuchsia,palecyan
stripedred,fadedgold,drabcrimson,fadedturquoise
dullpurple,palecrimson
shinyblue,paleviolet,mirroredplum,poshwhite,lightyellow
clearsalmon,stripedlime,dullviolet
fadedgold,lightteal,wavyteal
mirroredyellow,mutedturquoise,drabchartreuse
plaidgray,plaidplum
plaidwhite,noother
drabblack,mirroredyellow,drabchartreuse,shinyorange
dottedchartreuse,vibrantcyan,lightsalmon,vibrantred,lightturquoise
fadedlavender,darktomato,mutedlime,lightfuchsia,dulllavender
vibrantcyan,clearcrimson,paleorange,dullindigo,lightred
brightmaroon,mutedtan,lightteal
drabsilver,brightchartreuse,palecrimson,dottedcrimson,fadedyellow
drabpurple,drabblue
dimgold,brightcyan,dullwhite,vibrantblue
darkbeige,palecoral,paleindigo
dottedsalmon,drabviolet,poshwhite
vibrantcrimson,fadedteal,dottedgreen,clearmaroon
dimchartreuse,clearwhite
brightviolet,dimyellow,mutedpurple,mutedteal,stripedcyan
dimmagenta,paleaqua,palemaroon,mirroredred,drabyellow
dimbrown,fadedsalmon,dottedmagenta,drabtomato,fadedteal
shinylime,dottedblack,plaidturquoise,dimtomato,clearmagenta
drabmagenta,darkbeige
fadedcyan,stripedlime,brightred
darkbrown,mirroredlime,brightorange
poshfuchsia,shinygold,palesalmon,lightcoral,mirroredplum
shinymagenta,darkaqua
darklavender,palepurple,vibrantyellow
vibrantbrown,poshteal,wavysilver,paleplum
mutedblack,fadedcrimson,dimcrimson,vibrantmagenta
mutedbrown,stripedolive,darkbrown,clearbrown,plaidwhite
paleorange,brightblue,darkaqua,cleargold
lightcyan,mutedsilver
drabwhite,drabtan,stripedtomato,dullgray,drabblue
dimtan,mirroredbronze,fadedsalmon,drabpurple
dulltomato,clearlime
wavyaqua,dottedorange,shinycrimson
shinylavender,vibrantblue,palepurple,wavybronze,poshviolet
shinywhite,fadedblue,palecyan
wavyblue,vibrantchartreuse,plaidbrown,plaidwhite,fadedgold
stripedmagenta,darkolive,brightchartreuse
vibrantblack,plaidwhite,dullsilver,stripedpurple,darkplum
dullgreen,dullcrimson
vibrantchartreuse,brightorange,darkaqua
dimviolet,darkteal,plaidbrown,mirroredyellow
clearblue,poshmaroon
fadedtomato,clearbeige,brightorange
poshviolet,cleargold
stripedtomato,shinyblack
mutedcrimson,lightaqua,dimgold
cleartan,drabtomato,mirroredbronze,shinychartreuse
poshmagenta,poshred,lightbronze
dimblue,dimgray,lightturquoise,mutedbronze
drabplum,vibrantplum,stripedcoral
palesilver,drabblack
poshpurple,darkbrown
drabindigo,mutedlavender,poshsalmon,palebrown
stripedblue,wavyteal
wavymagenta,dottedsalmon,drabblack,dulltan,drabsilver
paleturquoise,darklime,drabmaroon
shinytan,plaidcoral,dimblack,dullplum
lightteal,darkviolet
mirroredsilver,stripedsalmon,clearchartreuse,clearorange,poshaqua
wavycoral,mutedteal,wavywhite
wavycrimson,shinyaqua,mutedbeige
shinybronze,poshindigo,wavyblue,fadedgold,stripedtomato
shinymaroon,cleartomato,wavycrimson
brightturquoise,dulltan,vibrantteal
fadedpurple,plaidchartreuse
brightwhite,fadedgold
clearorange,stripedblue,mirroredlime,mutedturquoise
clearcyan,dimplum,shinybrown,mutedpurple,plaidlime
plaidteal,fadedaqua,wavyolive
dottedlime,posholive,paleorange
mutedtan,dullgray,darkaqua,paleviolet
stripedorange,mirroredlime,dullcrimson,fadedgold,palesilver
lightolive,darktan,dimorange,mirroredyellow
plaidmagenta,wavyorange,wavychartreuse,stripedcoral
darkmagenta,brightwhite,plaidpurple,stripedblack,lightbeige
darkblack,paletan,mirroredorange,dullteal
poshorange,brightaqua,dimcrimson,dimturquoise,dottedbronze
dullcrimson,vibrantviolet
clearturquoise,mutedbrown,dullyellow,paleblack,plaidcrimson
vibrantblue,clearbeige
dulllime,shinyplum,vibrantmagenta,darkolive
drabbrown,cleargreen
mirroredplum,fadedred
shinyfuchsia,mutedcyan,darkaqua,lightolive,cleargold
vibrantpurple,paleaqua,darklime,brightchartreuse
brightcrimson,vibrantgold
shinyplum,clearolive,darkplum
shinycrimson,noother
dullbeige,mirroredcoral
dimsalmon,cleartomato,shinyteal,plaidolive,plaidpurple
mutedmaroon,mutedviolet,darkwhite
paleaqua,darkbeige,mutedbrown
brightplum,dimblack
stripedtan,brightorange,darkviolet,drabblue,vibrantlime
clearcrimson,wavybrown,fadedblue,stripedcyan
dimindigo,dottedlime,dottedpurple
paletan,drabblue,dimorange,wavyolive,stripedtomato
vibrantbronze,clearred,poshred
dottedbronze,lightyellow
wavysalmon,stripedolive,mutedteal
shinyturquoise,darkteal,plaidyellow
fadedmaroon,vibrantsalmon,dottedmagenta,fadedtan,stripedtomato
vibrantteal,lightteal,paleorange,drabwhite
vibrantgold,mutedcyan,mirroredplum,drabcoral,darklime
brightcyan,mutedsilver,plaidbronze,lightbeige,fadedcrimson
shinysilver,mirroredfuchsia,clearviolet,fadedbeige
darktomato,clearlime,lightbeige,brightturquoise
mirroredindigo,poshchartreuse,cleartomato
dottedindigo,drabolive,dimindigo,dottedmagenta
shinygray,mutedchartreuse,plaidgray,dullred,stripedorange
dimyellow,mutedcyan,mirroredfuchsia,fadedgold,drabturquoise
brightlime,shinybronze,wavyaqua,plaidturquoise
dottedgray,shinygold
stripedblack,wavyteal,dimchartreuse,mirroredlavender
palebeige,poshblack,clearwhite
poshindigo,plaidwhite
dullblue,darkviolet,clearmagenta,dottedcrimson
mirroredwhite,fadedyellow
brightbrown,palegray
lightgray,clearmagenta,wavybrown,dottedsalmon
mutedorange,brightmagenta,brightplum
clearpurple,shinygold,darkwhite
stripedcoral,palegray,wavychartreuse
plaidgreen,noother
plaidmaroon,poshbrown,stripedcrimson,plaidgreen
lightmaroon,mutedgray,dullcrimson,shinymaroon
palepurple,stripedwhite,plaidchartreuse,mirroredlime
mutedyellow,vibrantpurple,darkteal
plaidolive,lightcrimson,fadedgold,vibrantblue
dimbeige,mutedsilver,mirroredbeige,stripedviolet
stripedchartreuse,dullteal
mutedsalmon,poshsalmon,poshsilver
dimred,drabblue,plaidcrimson,vibrantgold
dullmagenta,fadedcrimson,shinyorange,darktan
plaidbeige,vibrantturquoise
stripedteal,dimchartreuse,darkgreen
dottedplum,lightcyan
dottedyellow,poshblack,dulltan,dullviolet,mutedplum
dottedcoral,stripedtomato,lightcrimson,clearviolet
dullfuchsia,plaidpurple,mirroredred
dullyellow,vibrantviolet,darkolive
dullwhite,posholive,paletomato,brightteal
palebrown,dimcrimson,paleindigo,dimchartreuse,mutedteal
shinyviolet,mutedtomato,dullyellow,drabteal
drabblue,vibrantgold,drabblack
poshlavender,shinyplum,drabsalmon,dimbrown,plaidblue
dullteal,drabturquoise,shinycrimson,shinyaqua
shinypurple,draborange,darkred,vibrantfuchsia,lightfuchsia
palesalmon,plaidchartreuse,stripedwhite
poshsilver,clearmagenta,lightmagenta
lightsalmon,vibrantolive
stripedturquoise,fadedmagenta,shinyindigo,stripedlavender
dottedcrimson,palesilver,stripedmagenta,stripedwhite
dullbrown,clearcrimson,dottedgreen,dullmagenta,dimtan
plaidcyan,stripedorange,mutedcyan
mutedlavender,mirroredfuchsia
dimlime,mutedblack
lightbronze,dullcrimson,dimchartreuse
dullolive,vibrantcoral,shinyteal,plaidpurple
poshyellow,darklime,mirroredplum
brightfuchsia,stripedsilver
poshmaroon,dottedmagenta,poshyellow,drabbeige
poshsalmon,mutedgreen
mirroredgray,stripedsilver
dullcyan,brightorange,darkplum
lightcrimson,drabfuchsia,brightblue,darkpurple
lightred,dimmaroon,mutedgreen,dottedolive
dullindigo,plaidbrown,wavywhite,vibrantturquoise,drabchartreuse
drabcrimson,vibrantsalmon
poshred,mirroredviolet,stripedtomato,stripedolive
drabchartreuse,noother
poshlime,drabviolet,brightcoral
wavyred,stripedgray,poshsalmon,dottedviolet,stripedaqua
stripedfuchsia,brightcrimson,darksilver,clearmagenta,drabsalmon
stripedplum,drabtan,palegold,dullwhite,clearcoral
mirroredmaroon,darkmagenta,plaidpurple,lightgray
shinyindigo,drabteal
dimsilver,stripedaqua,dulltan,stripedtan,wavymaroon
shinysalmon,fadedbeige
dullblack,vibrantplum,plaidchartreuse,mutedbrown,cleartomato
clearplum,stripedmaroon,darkwhite
vibrantgreen,lightorange,mirroredmagenta,brightteal,stripedbrown
drabgray,plaidmaroon,paletan,plaidwhite
wavylime,cleargold,brightchartreuse,fadedcrimson
lightsilver,dimmaroon,mirroredteal
lightbrown,mutedmagenta
dimfuchsia,palepurple,wavyorange,clearlime
vibrantmaroon,lightgray
dimpurple,mutedwhite,shinyaqua
clearolive,brightolive
drablavender,mirroredcrimson,brightviolet,poshgold,brightolive
lightyellow,poshbrown,paleviolet
plaidcrimson,plaidgreen,shinycrimson
paleindigo,clearaqua,palesilver
mirroredbronze,mutedtomato,brightwhite,fadedcrimson
dimteal,mutedsalmon
clearviolet,dimcoral,fadedbeige
dottedsilver,poshplum,palechartreuse
palegold,vibrantgold,dottedmagenta
poshcrimson,dullyellow,clearfuchsia
dullorange,dullsilver,clearviolet,clearchartreuse,fadedsalmon
stripedlime,mirroredplum,fadedgold,wavywhite,lightteal
mirroredtan,dullsilver,lightcoral,plaidlavender
wavytomato,clearorange,shinyfuchsia,lightred
dottedteal,darksalmon,lightindigo,palewhite,clearolive
brightolive,darktan,stripedorange,brightorange
plaidplum,shinymaroon,dottedcoral
brightchartreuse,wavyblue
